data2,Waldo Von,Batzview
data2,Daisy Schulist,Wayneshire
data2,Jackson Volkman,Lake Kunde
data2,Reginald Shields,New Kassulke
data2,Isaias Collier,Vedaview
data2,Anahi Rutherford,Brycenchester
data2,Keira Christiansen,Boganstad
data2,Jazmyne Wilderman,New Larson
data2,Adrienne Kub,Brekkefurt
data2,Elton Hyatt,Rhodamouth
data2,Fiona Gibson,Genesistown
data2,Katrina Beer,Julienshire
data2,Oceane Hackett,Schummshire
data2,Giles Mills,New Nitzsche
data2,Kiana Johns,South Weimann
data2,Dewitt Waelchi,Hughstad
data2,Scot McClure,West Mayer
data2,Mervin Flatley,Percyhaven
data2,Colton Conroy,Erdmantown
data2,Constance Howell,Port Koelpin
data2,Devon Witting,Lake Dare
data2,Margarete Olson,North Kertzmann
data2,Ursula Emard,Idellabury
data2,Kenton Klein,Baileystad
data2,Griffin Bosco,Chesterstad
data2,Sandra Ferry,Lemkehaven
data2,Domingo Sanford,New Rempel
data2,Art Jakubowski,Trantowchester
data2,Richmond Schamberger,Farrellview
data2,Karine Hilpert,Angelicafurt
data2,Brice Daugherty,Gerholdland
data2,Edythe Lynch,Clarissamouth
data2,Dillon Trantow,Walshfort
data2,Susanna Koepp,Lake Koelpin
data2,Rogers Lind,Wisozkville
data2,Hailie Feil,Sipesmouth
data2,Chadd Dooley,Schusterton
data2,Alana Krajcik,Madelynnfurt
data2,Lurline Adams,Magdalenland
data2,Marty Weber,Hoegertown
data2,Brendon Walker,Langoshfurt
data2,Marianne Kunde,East Abernathy
data2,Keaton Howe,Colleenburgh
data2,Lindsay Mayert,Lake Feest
data2,Tessie Raynor,Aufderharmouth
data2,Alivia Thompson,Halvorsonshire
data2,Lonzo Rodriguez,Jakeburgh
data2,Cierra Batz,Alainafurt
data2,Lina Rowe,Schambergerchester
data2,Oleta Tremblay,Koelpinstad
data2,Letha Mohr,Alejandrinfort
data2,Jaydon Bode,Andersonfurt
data2,Sabryna Hegmann,Rudystad
data2,Savanna Daniel,Casperville
data2,Desiree Schuster,West Daniel
data2,Jerome Goldner,New Beer
data2,Jesse Wolf,Skilesport
data2,Yasmine Gibson,Koleborough
data2,Abagail Fay,Sanfordside
data2,Agustin Howell,New VonRueden
data2,Gideon Rice,Lake Fay
data2,Kelton Dibbert,West Maggio
data2,Alana Waelchi,South Cummerata
data2,Jerel Casper,East Schroeder
data2,Karolann Turcotte,Trentstad
data2,Tyree Emard,New Emard
data2,Stanford Upton,North Leuschke
data2,Naomi Green,Kshlerinburgh
data2,Alexandre Connelly,Lake Rodriguez
data2,Abraham Kub,Jackyshire
data2,Thelma Haley,Hilllfort
data2,Raul Tremblay,Aishafurt
data2,Alayna Williamson,Bergstromhaven
data2,Bradley Feest,Ilaberg
data2,Whitney Grady,East Hansen
data2,Johnathan Hirthe,Keshawnborough
data2,Cristopher Collins,New Bruen
data2,Kaylin Robel,Alexandrafort
data2,Ferne Pouros,Greenholtburgh
data2,Mohammed Nicolas,Lake Rosenbaum
data2,Johathan Hoeger,North Hayes
data2,Sammie Kirlin,Emmanuelleview
data2,Margret Koepp,West Koepp
data2,Nia Schinner,Gibsonfurt
data2,Malcolm Boehm,Farrellmouth
data2,Dannie Dare,Mrazport
data2,Shania Bernier,West Jacobs
data2,Kamryn White,Serenaport
data2,Darrin Hane,Ethanland
data2,Gwendolyn Corwin,Satterfieldville
data2,Yasmin Vandervort,South Considine
data2,Laney Lebsack,Jenniferchester
data2,Rashawn Damore,Delilahhaven
data2,Margie Huels,Alexieside
data2,Jennifer Leuschke,Cummerataside
data2,Lessie McDermott,DuBuquehaven
data2,Keon Dietrich,East Wunsch
data2,Haskell Jacobs,South Ferry
data2,Carmen Goyette,Rosaliaview
data2,Hilton Daniel,Bradfordmouth
data2,Ulices Johnston,West Cruickshank
data2,Edward Bosco,Lake Schmidt
data2,Chaz Kozey,Baileyfurt
data2,Brady Zemlak,Jaidenland
data2,Dario Bashirian,Casperborough
data2,Lolita Brown,North Durgan
data2,Khalil Gulgowski,Eichmannstad
data2,Joseph Kuvalis,Yundthaven
data2,Adah Gerhold,South Moen
data2,Jacey Terry,North Gottlieb
data2,Lamont Schneider,Emerymouth
data2,Hollis Schmeler,Demetriusshire
data2,Delores Maggio,Enochville
data2,Madilyn Nader,West Ankunding
data2,Dayna Steuber,Bergestad
data2,Jolie Treutel,Hellerport
data2,Elbert Stanton,West Stracke
data2,Kamren King,Remingtonfort
data2,Maxwell Pouros,Considinefort
data2,Connie Herzog,Jacobsshire
data2,Marcelina Brown,Terrencemouth
data2,Bailey Hahn,Konopelskitown
data2,Clay Breitenberg,Yasminshire
data2,Anastacio Leuschke,Bethshire
data2,Lowell Corkery,Declantown
data2,Maiya Champlin,Krajcikbury
data2,Liana Murazik,Halvorsonbury
data2,Karianne Barton,Port Waelchi
data2,Carolanne Gorczany,Romainehaven
data2,Modesta Block,Coltburgh
data2,Jaron Rolfson,Auerport
data2,Kayleigh Kunze,Gorczanyside
data2,Rosalee Hamill,Justenfurt
data2,King McCullough,Pfefferchester
data2,Bertram Paucek,Turcottemouth
data2,Keven Grant,Rolfsonview
data2,Leila Mills,Watsicastad
data2,Katelyn Langworth,Rosannatown
data2,Xzavier Blick,Enosview
data2,Yadira Franecki,Batzchester
data2,Laila Mueller,Port Jast
data2,Myrtie Mertz,West Ebert
data2,Aiyana Koch,Bauchbury
data2,Jeffery Fritsch,Lake Moen
data2,Kiara Cremin,New Macejkovic
data2,Lolita Denesik,Waelchistad
data2,Vincenzo Dicki,Walterhaven
data2,Jolie Connelly,Rodriguezstad
data2,Ellen Spencer,Andersonborough
data2,Junior Baumbach,Urbanstad
data2,Ronaldo Pacocha,Rathstad
data2,Colton Hagenes,West Reinger
data2,Kraig Lowe,Dominiqueburgh
data2,Retta Schmitt,Port Renner
data2,Ashlee Zemlak,Fannieborough
data2,Ike Kuhlman,Hesselhaven
data2,Candida Moore,Lorenzoshire
data2,Guiseppe Ruecker,Brucetown
data2,Marilyne Nienow,North Runte
data2,Euna Hettinger,Reggiebury
data2,Elva Parker,South Ebert
data2,Joaquin Quitzon,Aidenborough
data2,Stacy Gleason,North Barton
data2,Roosevelt Huel,McKenzieburgh
data2,Timmy Jacobs,Constantinport
data2,Eda Gleichner,Hyattberg
data2,Rowland Kovacek,East Okuneva
data2,Sylvester Cronin,Lake Durgan
data2,Myrtle Hansen,Emiliefurt
data2,Henri Jacobi,Amyborough
data2,Harry Quigley,Ortizfort
data2,Mary Schaefer,West Lynch
data2,Richie Kirlin,Aufderharfurt
data2,Dusty Oberbrunner,Zellaland
data2,Belle Fritsch,New Hamill
data2,Antonetta Krajcik,Dylanbury
data2,Fatima Gutmann,Lauraborough
data2,Fannie Zboncak,Reynoldsside
data2,Edmund Kilback,Carolynechester
data2,Gwen Buckridge,New Prosacco
data2,Amalia Mante,Nataliefurt
data2,Myrna Thompson,South Mraz
data2,Blanca Wolf,Ayanaside
data2,Amaya Goyette,Elissatown
data2,Ethel Howe,Kuphalmouth
data2,Bella Haag,Homenickmouth
data2,Robb Boyle,Ramirofort
data2,Monserrat Howell,North Willms
data2,Joelle Wintheiser,South Hessel
data2,Mohammed Buckridge,Farrellland
data2,Allison Rutherford,Osinskiland
data2,Ronaldo Runolfsson,Adriennehaven
data2,Jerry Bosco,New Schiller
data2,Kayley Barrows,Herminiaburgh
data2,Araceli Wehner,Port Klocko
data2,Shakira Corwin,Mooreburgh
data2,Jesse Paucek,North Hodkiewicz
data2,Beryl Osinski,Corkeryport
data2,Amira Gutkowski,West Schaefer
data2,Aliya Predovic,Izabellaside